{
  "assetsByChunkName": {
    "vendors~app-account~app-checkout~app-confirmation~app-order": "chunk.e6732ae9cb2d939a0ded.js",
    "vendors~app-account~app-confirmation~app-order": "chunk.676f6a040300c61a3317.js",
    "vendors~app-account~app-checkout": "chunk.cca1fa67002d3b6c986c.js",
    "admin": [
      "admin.cc6c0efbcd070e35cc84.js",
      "admin.cc6c0efbcd070e35cc84.js.map"
    ],
    "app-account": "chunk.e080f6a8e8ec487f2347.js",
    "app-confirmation": "chunk.79a3a42701fe5dfe44c6.js",
    "app-order": "chunk.1a0d1c7ba04a950d8e0d.js",
    "checkout": [
      "checkout.651a75151f23c663514e.js",
      "checkout.651a75151f23c663514e.js.map"
    ],
    "storefront": [
      "storefront.5857d3f7b044cf97e667.css",
      "storefront.ff202aaa0c60af3f33f0.js",
      "storefront.5857d3f7b044cf97e667.css.map",
      "storefront.ff202aaa0c60af3f33f0.js.map"
    ],
    "vendors~app-cart": "chunk.68c4b6b02830a139e9e2.js",
    "vendors~app-checkout": "chunk.34830956345638948121.js"
  }
}