{
  "meta_title": "",
  "meta_description": "",
  "sections": [
    {
      "type": "responsive-banner",
      "img": "/img/uploads/5.png",
      "link": "#kit-gummy"
    },
    {
      "type": "alpix_chamadaImagem",
      "image": "/img/uploads/acnatti_section.png",
      "title": "Agora ficou mais gostoso cuidar da sua pele",
      "description": "Unimos as melhores vitaminas e minerais pra te proporcionar uma mega experiência em cuidado facial. Cheias de vitaminas que cuidam da beleza da sua pele e também dos cabelos e unhas.",
      "benefits": [
        {
          "list_option": {
            "text": "Mastigável",
            "image": "/img/uploads/star-1.svg"
          }
        },
        {
          "list_option": {
            "text": "Produto Vegano",
            "image": "/img/uploads/star-1.svg"
          }
        },
        {
          "list_option": {
            "text": "Sem Glúten",
            "image": "/img/uploads/star-1.svg"
          }
        },
        {
          "list_option": {
            "text": "Formulado para Pele",
            "image": "/img/uploads/star-1.svg"
          }
        },
        {
          "list_option": {
            "image": "/img/uploads/star-1.svg",
            "text": "10 Vitaminas e Minerais"
          }
        }
      ],
      "buttons": [
        {
          "button": {
            "text": "Compre agora!",
            "background_color": "#f0839a",
            "text_color": "#ffffff",
            "url": "#kit-gummy",
            "border_color": "#f0839a"
          }
        }
      ]
    },
    {
      "type": "alpix_sliderDepoimentos",
      "title": "Quem se ama, se cuida",
      "description": "A maneira favorita e mais gostosa de se cuidar é com os produtos Acnatti",
      "testimonials": [
        {
          "testimonial": {
            "name": "Tuanne Queiroz",
            "image": "/img/uploads/1e3176cb-21bd-42af-867c-540fdef86760.jpg",
            "text": "Lorem ipsum dolor sit amet, consectetuer adipiscing elit. Donec odio. Quisque volutpat mattis eros. Nullam malesuada erat ut turpis. Suspendisse urna nibh, viverra non, semper suscipit, posuere a, pede."
          }
        },
        {
          "testimonial": {
            "text": "Lorem ipsum dolor sit amet, consectetuer adipiscing elit. Donec odio. Quisque volutpat mattis eros. Nullam malesuada erat ut turpis. Suspendisse urna nibh, viverra non, semper suscipit, posuere a, pede.",
            "name": "Milena Waltz",
            "image": "/img/uploads/whatsapp-image-2022-05-26-at-11.42.11-am.jpeg"
          }
        },
        {
          "testimonial": {
            "image": "/img/uploads/whatsapp-image-2022-05-25-at-7.20.08-pm.jpeg",
            "text": "Lorem ipsum dolor sit amet, consectetuer adipiscing elit. Donec odio. Quisque volutpat mattis eros. Nullam malesuada erat ut turpis. Suspendisse urna nibh, viverra non, semper suscipit, posuere a, pede.",
            "name": "Thiago Guimarães"
          }
        },
        {
          "testimonial": {
            "text": "Lorem ipsum dolor sit amet, consectetuer adipiscing elit. Donec odio. Quisque volutpat mattis eros. Nullam malesuada erat ut turpis. Suspendisse urna nibh, viverra non, semper suscipit, posuere a, pede.",
            "image": "/img/uploads/whatsapp-image-2022-05-25-at-7.18.34-pm.jpeg",
            "name": "Tamirys Ribeiro"
          }
        },
        {
          "testimonial": {
            "name": "Thayná Ribeiro",
            "image": "/img/uploads/whatsapp-image-2022-05-25-at-7.14.17-pm.jpeg",
            "text": "Lorem ipsum dolor sit amet, consectetuer adipiscing elit. Donec odio. Quisque volutpat mattis eros. Nullam malesuada erat ut turpis. Suspendisse urna nibh, viverra non, semper suscipit, posuere a, pede."
          }
        }
      ]
    },
    {
      "type": "alpix_listaProdutoB",
      "section_id": "kit-gummy",
      "title": "Escolha seu <b>Kit Gummy</b>",
      "description": "Lorem ipsum dolor sit amet, consectetuer adipiscing elit. Donec odio. Quisque volutpat",
      "products": [
        "628ec6f2ac0cb4200fe919d2",
        "628ec707ac0cb4200fe91a11",
        "628ec720ac0cb4200fe91a33",
        "628ec5e1ac0cb4200fe917e6"
      ]
    },
    {
      "type": "alpix_listaProdutoB",
      "section_id": "outros-produtos",
      "title": "Outros Produtos",
      "description": "Lorem ipsum dolor sit amet, consectetuer adipiscing elit. Donec odio. Quisque volutpat",
      "products": [
        "628ec5e1ac0cb4200fe917e6",
        "628ec606ac0cb4200fe9185c",
        "628ec622ac0cb4200fe918b2",
        "628ec63bac0cb4200fe918ee"
      ]
    },
    {
      "type": "alpix_listaFaq",
      "title": "Perguntas Frequentes",
      "questions": [
        {
          "question": {
            "title": "O que é <strong>Acnatt Beauty Gummy</strong>?",
            "response": "Acnatti Beauty Gummy  é uma gominha deliciosa de pectina vegetal desenvolvida  com 10 vitaminas e minerais perfeitas para pele, A, C, E, B3, B6, B5, Biotina, Iodo, Selênio e Zinco, que auxilia no combate a cravos, espinhas e manchas, agindo de dentro para fora, além de estimular a produção de colágeno e ajuda a inibir os radicais livres responsáveis pelo envelhecimento, por conter vitaminas voltadas para a renovação celular. Veja todos os detalhes <a href='/acnatti-beauty-gummy---durao-30-dias'>clicando aqui</a>"
          }
        },
        {
          "question": {
            "title": "Do que é feito o <strong>Acnatt Beauty Gummy</strong>?",
            "response": "É uma gominha deliciosa de pectina vegetal desenvolvida  com 10 vitaminas e minerais perfeitas para pele, A, C, E, B3, B6, B5, Biotina, Iodo, Selênio e Zinco. Veja todos os detalhes <a href='/acnatti-beauty-gummy---durao-30-dias'>clicando aqui</a>"
          }
        },
        {
          "question": {
            "title": "Quantas gomas posso ingerir?",
            "response": "Tão saborosa e macia que dar vontade de comer todas de uma só vez, mas fique atento, são apenas duas ao dia."
          }
        },
        {
          "question": {
            "title": "Em quanto tempo já posso ver os resultados",
            "response": "Os resultados podem variar de acordo com o estilo de vida, alimentação e metabolismo de cada indivíduo."
          }
        },
        {
          "question": {
            "title": "Quem pode tomar o <strong>Acnatt Beauty Gummy</strong>?",
            "response": "Recomendado para maiores de 19 anos. Gestantes e lactantes podem consumir sob orientação do médico ou nutricionista."
          }
        }
      ]
    }
  ]
}